{
"sites":{
"超级剧场":{"url":"http://ccxg.xazhutu.com/xgapp.php/v1/"},
"星空影视":{"url":"https://xkys.tv/xgapp.php/v1/","jx":[]},
"饭团影视":{"url":"http://television.wkfile.com/api.php/app/"},
"嘀哩嘀哩":{"url":"http://dilidili.la/api.php/app/"},
"嘀哩嘀哩1":{"url":"https://api.diliktv.xyz/api.php/Chengcheng/vod/"},
"天空影视":{"url":"https://tkys.tv/xgapp.php/v1/","jx":[["ltnb","renrenmi","https://jb.vjiangbei.com/home/api?type=ys&uid=2219260&key=bcdjqBEFGLMPW01457&url="],["youku","qq","qiyi","https://fast.rongxingvr.cn:8866/api/?key=CwQXkIXGfaUNGVomez&url="],["miaoparty","miaoparty2","miaoparty3","https://www.aiaine.com/api/?key=F03RALd3nZkwnq7CU3&url="]]},
"天空影视V2":{"url":"https://www.tkys.tv/xgapp.php/v2/"},
"天空TV":{"url":"http://tv.tkys.tv/api.php/iptv/vod/"},
"天空影视1":{"url":"https://www.tkys.tv/api.php/app"},
"天空影视2":{"url":"https://tv.51aizn.com/api.php/v1.vod"},
"独播社":{"url":"http://35ys.cc/api.php/v1.vod"},
"南府影视":{"url":"http://iapp.nfuxs.club/dnmb.php/v1.vod"},
"手指影视":{"url":"https://szys5678.com/mogai_api.php/v1.vod"},
"心爱影视":{"url":"https://xays6677.com/mogai_api.php/v1.vod"},
"913e影视":{"url":"http://www.913e.net/xgapp.php/v1/"},
"柚子视频":{"url":"http://yz.26ys.cn/api.php/v1.vod"},
"思奇影视":{"url":"http://app.siqitv.vip/mogai_api.php/v1.vod"},
"艾特影视":{"url":"https://www.aitee.cc/api.php/v1.vod"},
"TV酷":{"url":"https://www.u23c.com/api.php/app/"},
"橘子影视":{"url":"http://jz.juzidy.vip/mogai_api.php/v1.vod"},
"麻瓜视频":{"url":"http://aliyun.k8aa.com/mogai_api.php/v1.vod"},
"辉哥影视":{"url":"https://app.y.hgyule8.com/api.php/v1.vod"},
"极光影院":{"url":"http://app.winxz.cc/api.php/v1.vod"},
"美剧虫":{"url":"https://meijuchong.com/api.php/v1.vod"},
"vip影院":{"url":"http://360yy.cn/api.php/app/"},
"爱迪影视":{"url":"https://aidi.fun/xgapp.php/v1/"},
"看剧吧":{"url":"http://app.ishen520.com/api.php/v1.vod"},
"播放呀":{"url":"https://www.bofangya.com/xgapp.php/v1/"},

"苍蓝资源":{"url":"https://vip.ruifenglb.com:4433/api.php/app/"},
"段友影视1":{"url":"http://js.66app.me/api.php/app/"},
"段友影视2":{"url":"https://shangjihuoke.com/api.php/v1.vod"},
"段友影视3":{"url":"http://js.66app.me/api.php/v1.vod"},
"段友影视4":{"url":"http://121.204.249.135:4433/ruifenglb_api.php/v1.vod"},
"段友影视5":{"url":"https://shangjihuoke.com/api.php/tv.vod"},
"非凡TV":{"url":"https://app.feifan.live:2087/xgapp.php/v1/"},
"DC影视":{"url":"http://chaorenbb.com/api.php/v1.vod"},
"HG影视":{"url":"http://hgyx.vip/api.php/v1.vod"},
"HG影视1":{"url":"http://api.hgyx.vip/api.php/iptv/vod/"},
"神马影视":{"url":"http://summ.vip/api.php/v1.vod"},
"追剧吧":{"url":"http://zhuiju8.vip/api.php/v1.vod"},
"追剧吧1":{"url":"http://wtv.fit/api.php/v1.vod"},
"海胆影视":{"url":"http://xf123.cc/api.php/app/"},
"海棠视频":{"url":"https://www.haitangsp.net/api.php/app/"},
"京广航":{"url":"https://www.jingguanhang.com/api.php/app/"},
"久九影视":{"url":"https://api.58qxk.cn/xgapp.php/v1/"},
"冷视TV":{"url":"https://len.tv/api.php/v1.vod"},
"看365":{"url":"https://www.kan365.xyz/api.php/app/"},
"快云影音":{"url":"https://www.kuaiyunyy.com/api.php/app/"},
"灵狐影视":{"url":"http://x.dmntv.com/api.php/app/"},
"抹茶猪":{"url":"https://www.mczdyw.com/api.php/app/"},
"萌蛋蛋":{"url":"http://app.mengdandan.com/xgapp.php/v1/"},
"莫扎兔":{"url":"http://www.mozhatu.xyz/api.php/app/"},
"躺平影视":{"url":"http://www.lltpys.com/api.php/app/"},
"天神影视":{"url":"https://deity.fun/api.php/app/"},
"我爱电影":{"url":"http://xg.5imv.net/api.php/app/"},
"小七影视":{"url":"http://ys.kd60.cn/api.php/app/"},
"免费看":{"url":"https://freekan.vip/mogai_api.php/v1.vod"},
"免费看TV":{"url":"http://www.freekan.vip/api.php/iptv/vod/"},
"暖光影视":{"url":"https://app.bl210.com/api.php/v1.vod"},
"小极影视":{"url":"http://app.8d8q.com/api.php/v1.vod"},
"月色影视":{"url":"http://69ty.cc/mogai_api.php/v1.vod"},
"影阅阁":{"url":"http://221.236.18.12:665/api.php/v1.vod"},
"U5影视":{"url":"https://appx.uy07.com/api.php/v1.vod"},
"yoyo":{"url":"http://jx.wnvod.net/ruifenglb_api.php/v1.vod"},
"爱影视":{"url":"https://www.hzlff.cn/api.php/v1.vod"},
"比邻影视":{"url":"http://0hzy.cn:9990/mogai_api.php/v1.vod"},
"大头影视":{"url":"http://dy.idsao.com/mogai_api.php/v1.vod"},
"豆渣影视":{"url":"http://douzhayss.cc/api.php/v1.vod"},
"黄河影视":{"url":"http://i.ledu8.cn/api.php/v1.vod"},
"林谷影视":{"url":"http://ys.linguyy.xyz/mogai_api.php/v1.vod"},
"虎猫视频":{"url":"https://humaosp.com/mogai_api.php/v1.vod"},
"绿箭影视":{"url":"http://www.69ty.cc/mogai_api.php/v1.vod"},
"益达影院":{"url":"http://luobu.yss6080.com/mogai_api.php/v1.vod"},
"蓝光视频":{"url":"http://vip.91iqiyi.com/mogai_api.php/v1.vod"},
"美剧范":{"url":"http://ttzmz.net/api.php/v1.vod"},
"视听星球":{"url":"http://zjyapijzys.shynwlkj.com/api.php/v1.vod"},
"淘剧社":{"url":"https://app.shuhai99.com/api.php/v1.vod"},
"天天视频":{"url":"http://app.qianju.cc/api.php/v1.vod"},
"兔子窝":{"url":"http://cj.huimaojia.com:12345/mogai_api.php/v1.vod"},
"吾爱影视":{"url":"http://app.5lp.net/api.php/v1.vod"},
"小蜻蜓":{"url":"http://3ketv.com/mogai_api.php/v1.vod"},
"追剧猫":{"url":"http://tv.kmtvb.com/api.php/v1.vod"},
"猪猪影院":{"url":"http://app.2zdyy.com/api.php/v1.vod"},
"渔渔影视":{"url":"http://luobo.yugenye.site/api.php/v1.vod"},


"迪迪影院V2":{"url":"http://dd88.icu:6080/xgapp.php/v2/"},
"1080P":{"url":"https://1080p.one/mogai_api.php/v1.vod"},
"1231D":{"url":"https://vue.app.yunboys.cn/api.php/v1.vod"},
"300看世界":{"url":"https://300ys.xyz/api.php/v1.vod"},
"4K影院":{"url":"http://1api.4kdytv.com/api.php/v1.vod"},
"80K影视":{"url":"https://1080p.tv/api.php/v1.vod"},
"CJT影院":{"url":"https://www.cjt521.com/api.php/v1.vod"},
"F7高清":{"url":"http://bc.haokanju1.cc/lvdou_api.php/v1.vod"},
"l0l影院":{"url":"https://l0l.tv/api.php/v1.vod"},
"爱看美剧":{"url":"https://www.uumjw.com/api.php/v1.vod"},
"爱酷影视":{"url":"https://www.zhanlangbu.com/ruifenglb_api.php/v1.vod"},
"爱看影院":{"url":"http://www.a91.cm/api.php/v1.vod"},
"菜鸟追剧":{"url":"http://81.71.18.95:5555/mogai_api.php/v1.vod"},
"白嫖影视":{"url":"http://zgjxdtg.cn/api.php/v1.vod"},
"初心影视":{"url":"https://www.18mv.club/api.php/v1.vod"},
"叮当影视":{"url":"https://tv.0573wl.com/api.php/v1.vod"},
"饭后电影":{"url":"http://baicai.summ.vip/api.php/v1.vod"},
"飞捷影视":{"url":"https://www.fj6080.com/api.php/v1.vod"},
"疯狂看":{"url":"http://app.fkkdy.vip/mogai_api.php/v1.vod"},
"粉象视界":{"url":"http://42.157.129.15:34444/lvdou_api.php/v1.vod"},
"飞云视频":{"url":"http://app.kxtv.ltd/lvdou_api.php/v1.vod"},
"可米影视":{"url":"http://www.kmys.vip/api.php/v1.vod"},
"康耀影视":{"url":"http://124.222.126.23:999/mogai_api.php/v1.vod"},
"零刻影院":{"url":"https://ys.ling00.cn/api.php/v1.vod"},
"懒猫电影":{"url":"http://lanmao.lanmaoymw.cn/ruifenglb_api.php/v1.vod"},
"蓝猫影院":{"url":"http://www.baofu111.top/mogai_api.php/v1.vod"},
"蜜蜂影视":{"url":"http://app.f8tp.com/lvdou_api.php/v1.vod"},
"木子电影":{"url":"http://www.muzidy.top/mogai_api.php/v1.vod"},
"奈非迷":{"url":"https://app.netflixmi.com/api.php/v1.vod"},
"念念影视":{"url":"https://998.yuanmajs.cn/api.php/v1.vod"},
"柠柚影视":{"url":"http://nu.e4tv.cn/lvdou_api.php/v1.vod"},
"奇怪视频":{"url":"https://giguai.net/api.php/v1.vod"},
"瑞丰资源":{"url":"https://tv.yjhan.com:4433/api.php/v1.vod"},
"闪光影视":{"url":"http://101.35.128.192/mubai_api.php/m2.vod"},
"思乐影视":{"url":"https://www.huandian.top/ruifenglb_api.php/v1.vod"},
"天诚影视":{"url":"http://tcspvip.cn/api.php/v1.vod"},
"天天影视":{"url":"https://app.daishusc.com/api.php/v1.vod"},
"星辰视频":{"url":"https://m.hj0999.com/api.php/v1.vod"},
"兄弟影视":{"url":"http://app.xdys.vip/mogai_api.php/v1.vod"},
"心鸾影视":{"url":"http://zhiyutv.xyz/api.php/v1.vod"},
"雪人影视":{"url":"https://zy.qd234.cn/mogai_api.php/v1.vod"},
"雨果影视":{"url":"http://2.yhys63.com/api.php/v1.vod"},
"影视大全":{"url":"http://app.269w.com/api.php/v1.vod"},
"优视影视":{"url":"http://app.ysys.asia/lvdou_api.php/v1.vod"},
"51视频":{"url":"http://51shipin.cc/mogai_api.php/v1.vod"},
"JDODO":{"url":"https://appys.jdodo.xyz/mogai_api.php/v1.vod"},
"QC影视":{"url":"https://www.qcsvip.com/mogai_api.php/v1.vod"},
"XG影视":{"url":"http://cms.xggm.top/ruifenglb_api.php/v1.vod"},
"阿里影视":{"url":"http://aliys.cn:90/api.php/v1.vod"},
"嗷呜影院":{"url":"http://aowu.pro/api.php/v1.vod"},
"安云影视":{"url":"http://api.vue8.cc/lvdou_api.php/v1.vod"},
"哔哔影院":{"url":"http://baofu111.top/mogai_api.php/v1.vod"},
"多啦咪PRO":{"url":"http://yuenos-pro.miyuen.cn/qingdoujiekou.php/v1.vod"},
"灯塔影视":{"url":"https://cc.hwh.ink/lvdou_api.php/v1.vod"},
"恒大影视":{"url":"https://www.hdys.org/api.php/v1.vod"},
"寒枫视频":{"url":"https://vip.shenyunwl.cn/mogai_api.php/v1.vod"},
"火星人":{"url":"https://www.huoxing9.com/mogai_api.php/v1.vod"},
"晗先森":{"url":"https://hantv.top/api.php/v1.vod"},
"盒子影院":{"url":"http://i.nihaohezi.com/api.php/v1.vod"},
"筋斗云":{"url":"https://tv.jindcloud.com/api.php/v1.vod"},
"聚合视频":{"url":"https://app.jhystv.com/mogai_api.php/v1.vod"},
"久久影视":{"url":"http://s9t9.com/api.php/v1.vod"},
"极酷视频":{"url":"https://jiku.vip/mogai_api.php/v1.vod"},
"剧迷视频":{"url":"http://pan.hzafw.com/api.php/v1.vod"},
"极品影视":{"url":"http://app.yhzy.xyz/lvdou_api.php/v1.vod"},
"极品影视1":{"url":"http://jpsb.yhzy.xyz/api.php/iptv/vod/"},
"看看剧":{"url":"https://www.kankanju.cn/api.php/v1.vod"},
"可米影视":{"url":"http://sj.kmys.vip/ruifenglb_api.php/v1.vod"},
"绿豆视频":{"url":"https://v.lvdoui.cn/mogai_api.php/v1.vod"},
"免费影视":{"url":"http://111.229.120.180:88/lvdou_api.php/v1.vod"},
"喵乐影视":{"url":"http://miaoleys.com/api.php/v1.vod"},
"奈飞中文":{"url":"https://www.naifei.org/api.php/v1.vod"},
"奇趣影视":{"url":"https://app.qiqu.me/mogai_api.php/v1.vod"},
"任性看":{"url":"https://renxingkan.net/api.php/v1.vod"},
"三日影院":{"url":"https://www.3ri.net/api.php/v1.vod"},
"神马影视":{"url":"http://xs.78tv.cc/mogai_api.php/v1.vod"},
"我爱跟剧":{"url":"https://www.genmov.com/mogai_api.php/v1.vod"},
"熊猫视频":{"url":"http://anegh.com/lvdou_api.php/v1.vod"},
"玺娜影视":{"url":"https://pp.wxina.cn/api.php/v1.vod"},
"星球视频":{"url":"http://119.29.121.48:8088/api.php/v1.vod"},
"玺心影视":{"url":"https://tv.arbd.cn/api.php/v1.vod"},
"云城影院":{"url":"https://ayyf.cn/mubai_api.php/m2.vod"},
"月儿影视":{"url":"https://yue52.xyz/api.php/v1.vod"},
"云梦影视":{"url":"https://yun.yunl.xyz/mogai_api.php/v1.vod"},
"影视大全":{"url":"https://xc.xixi2yy.xyz/mogai_api.php/v1.vod"},
"影视热剧":{"url":"http://lb.26ys.cn/api.php/v1.vod"},
"优优影院":{"url":"http://xin.jjsvip.cc/mogai_api.php/v1.vod"},
"鱼仔影视":{"url":"http://yuzaio.top/api.php/v1.vod"},
"追剧达人":{"url":"https://www.zhuijudaren.com/mogai_api.php/v1.vod"},
"侦探影视":{"url":"http://ys.huangguay.com/mogai_api.php/v1.vod"},
"2号币":{"url":"http://phoebe.cf/api.php/iptv/vod/"},
"CV影视":{"url":"http://www.cccvvv.top/api.php/iptv/vod/"},
"傲视影院":{"url":"http://j.zjj.life:88/mv/api.php/Chengcheng/vod/"},
"爱西西TV":{"url":"http://tv2.aixixi.vip/api.php/iptv/vod/"},
"爱西西1":{"url":"https://myaixixi.com/api.php/app/"},
"爱西西2":{"url":"http://tv.aixixi.vip/api.php/iptv/vod"},
"刺桐影视":{"url":"http://tv.cttv.vip/api.php/iptv/vod/"},
"叮当TV":{"url":"http://tv.hyddys.top/api.php/iptv/vod/"},
"大师兄":{"url":"http://dsxtv.tv.ci/api.php/dsx/vod/"},
"二货影视":{"url":"http://d.zjj.life:88/mv/api.php/Chengcheng/vod/"},
"非凡影院":{"url":"http://cms.feifan12.xyz/api.php/iptv/vod/"},
"飞扬TV":{"url":"http://diancj.zhenfy.cn/api.php/Chengcheng/vod/"},
"嘿荼锋":{"url":"http://tv.hfys8.vip/api.php/Sntv/vod/"},
"黑龙影视":{"url":"http://vip.ji-ding-he.site/api.php/iptv/vod/"},
"聚多影视":{"url":"http://jdyy.weetai.cn/api.php/iptv/vod/"},
"乐酷TV":{"url":"http://103.45.161.138:2021/api.php/Chengcheng/vod/"},
"六维影视":{"url":"http://liuweiiptv.gq:1357/api.php/iptv/vod/"},
"流星雨":{"url":"http://nn.lxyyy.xyz:8/c/api.php/WAiLaowang/vod/"},
"冷月TV":{"url":"https://tv.521x5.com/api.php/iptv/vod/"},
"荔枝影视":{"url":"http://api.zjys.vip/api.php/iptv/vod/"},
"蜜果TV":{"url":"http://vv.miguotv.net/m/api.php/Chengcheng/vod/"},
"米来影视":{"url":"http://42.51.37.161:2346/api.php/iptv/vod/"},
"米奇TV":{"url":"http://www.s6ep3.top/api.php/iptv/vod/"},
"七科影视":{"url":"http://tv.7kfm.cn/api.php/iptv/vod/"},
"青杏TV":{"url":"http://pp.ddmym.cn/api.php/iptv/vod/"},
"若惜影视":{"url":"http://rxw.ruoxinew.com/api.php/Sntv/vod/"},
"思奇TV":{"url":"http://tv.siqitv.vip/api.php/iptv/vod/"},
"山楂影视":{"url":"http://dy6.dcd1.cn/api.php/iptv/vod/"},
"虾皮视频":{"url":"http://tv.cmt8.xyz/api.php/iptv/vod/"},
"小极TV":{"url":"http://api.8d8q.com/mmv/api.php/Chengcheng/vod/"},
"小熊猫TV":{"url":"http://tv2.hetaoys.vip/api.php/iptv/vod/"},

"北川影视":{"url":"https://www.bcwzg.com/api.php/app/"},
"无尽视频":{"url":"https://www.ayzhuiju.com/api.php/app/"},
"非凡TV":{"url":"https://app.feifan.live:2087/api.php/app/"},
"世界电影":{"url":"https://app.lovetv.online/api.php/app/"},
"影视工场":{"url":"https://www.ysgc.cc/xgapp.php/v1/"},
"全能影视":{"url":"https://qnys5566.com/mogai_api.php/v1.vod"},
"毒舌电影":{"url":"https://cms.96ym.cn/api.php/app/"},
"安逸影视":{"url":"http://aytv.wchulian.com.cn:6633/api.php/app/"},
"星月追剧":{"url":"http://xingyuezhuiju.com/api.php/app/"},
"极客影视":{"url":"https://www.i8k.cc/xgapp.php/v1/"},
"北墨影院":{"url":"http://beimotv.com/api.php/app/"},
"555电影":{"url":"http://w7tv.com/xgapp.php/v1/"},
"老韩综":{"url":"http://zy.kmoonhh.com/api.php/app/"},
"土豆TV":{"url":"http://xiuxian.qd234.cn/mogai_api.php/v1.vod"},
"哎呀影视":{"url":"https://www.aisvod.tv/xgapp.php/v1/"},
"大熊影视":{"url":"https://dxys2233.com/mogai_api.php/v1.vod"},
"雪人影视":{"url":"http://qqtvapp.com/xgapp.php/v1/"},
"瑞丰资源":{"url":"https://ts.yjhan.com:4433/ruifenglb_api.php/v1.vod"},
"80影视":{"url":"http://www.ccc8.net/api.php/v1.vod"},
"我爱跟剧":{"url":"https://www.genmov.com/api.php/v1.vod"},
"吾爱影视1":{"url":"http://52ysw.xyz/mogai_api.php/v1.vod"},
"小易影视":{"url":"http://xy.irop.cn/api.php/v1.vod"},
"映迷":{"url":"https://www.inmi.app/xgapp.php/v1/"},
"双鹿影院":{"url":"https://mv.slidc.top/api.php/app/"},
"康耀影视":{"url":"http://app.ybyyds.cn/mogai_api.php/v1.vod"},
"寻常影视":{"url":"http://tv.91ymz.cn/api.php/v1.vod"},
"畅视影视":{"url":"http://app.reboju.net/api.php/app/"},
"蜜果TV":{"url":"https://www.miguotv.net/api.php/app/"},
"抖音影视":{"url":"http://www.webiyeys99.com/api.php/app/"},
"爱追剧":{"url":"http://81.71.18.95:520/lvdou_api.php/v1.vod"},
"LIBVIO":{"url":"https://www.mkys.me/api.php/app/"},
"3080影视":{"url":"https://3080l.me/api.php/app/"},
"氢视频":{"url":"http://h1080p.com/api.php/app/"},
"名视影":{"url":"http://app.qqccv.com/mogai_api.php/v1.vod"},
"皮皮影视":{"url":"http://pp.ig4.cn/api.php/app/"},
"牛马TV":{"url":"http://niumatv.com/api.php/app/"},
"蚂蚁视频":{"url":"https://apps.2kanju.com/api.php/app/"},
"麻花视频":{"url":"https://www.mahuashipin.com/api.php/app/"},
"苗点影视":{"url":"https://www.msdv.cn/api.php/app/"},
"漫岛":{"url":"http://a.mdaotv.cn/api.php/app/"},
"荔枝视频":{"url":"https://zjys.vip/api.php/app/"},
"环球影视":{"url":"https://hqystv.com/api.php/app/"},
"畅看影视":{"url":"http://www.sxbrd.com/api.php/app/"},
"优视影视":{"url":"http://cc.ysys.asia/api.php/v1.vod"},
"雨果影视":{"url":"http://ygapp.xcys63.com/api.php/v1.vod"},
"温妮影视":{"url":"https://www.wenniys.com/mogai_api.php/v1.vod"},
"七零影视":{"url":"https://api.70yu.cn/mogai_api.php/v1.vod"},
"漫岛影视":{"url":"http://app.mdaotv.cn/mubai_api.php/m2.vod"},
"汇聚库TV":{"url":"https://www.zzclove666.com/api.php/v1.vod"},
"白熊影院":{"url":"http://baicai.beimo.pro:4433/mogai_api.php/v1.vod"},
"阿姨追剧":{"url":"https://www.ayzhuiju.com/ruifenglb_api.php/v1.vod"},
"思古影视":{"url":"https://app.siguyy.com/xgapp.php/v1/"},
"火箭影视":{"url":"http://huojian.wchulian.com.cn/api.php/app/"},
"瓜皮TV":{"url":"http://appguapi.lihaoyun.top:11543/api.php/app/"},
"瓜皮TV":{"url":"http://www.dijiaxia.com/xgapp.php/v1/"},
"神马影院":{"url":"https://www.6080kan.cc/xgapp.php/v1"},
"追剧达人":{"url":"http://vipmv.tv/xgapp.php/v1"},
"5060影院":{"url":"https://app.linzhiyuan.xyz/xgapp.php/v1/"},
"迪迪影院":{"url":"http://dd88.icu:6080/api.php/app/"},
"酷扑TV":{"url":"https://www.kupu.cc/api.php/app/"},
"百讯视频":{"url":"https://z.iopenyun.com:99/app_api.php/v1.vod"},
"二九影视":{"url":"https://app.19kp.com/api.php/v1.vod"},
"麻子追剧":{"url":"http://b.2maz.cn/api.php/v1.vod"},
"天天影视":{"url":"http://app.at008.cn/api.php/v1.vod"},
"星影相随":{"url":"http://app.rootthree.top/mogai_api.php/v1.vod"},
"月亮影视":{"url":"http://ys.13tv.top/acj_api.php/v1.vod"},
"QC影视":{"url":"https://www.qcsvip.com/api.php/v1.vod"},
"爱追剧2":{"url":"https://4k.lqiyi.cn/api.php/app/"},
"白菜追剧":{"url":"http://lbapp.huimaojia.com:30119/mogai_api.php/v1.vod"},
"雪人影视":{"url":"http://qqtvapp.com/xgapp.php/v1.vod"},
"雪人资源1":{"url":"https://xg.qd234.cn/api.php/app/"},
"小白视频":{"url":"https://ccoyytv.com/api.php/app/"},
"小强TV":{"url":"http://xqapp.hailanfj.com/xgapp.php/v1/"},
"尘梓TV":{"url":"http://cztv.vip:83/api.php/chenziystv/vod/"},
"动力影视":{"url":"http://www.love9989.com/api.php/iptv/vod/"},
"河马影院":{"url":"http://1.14.63.101/api.php/Chengcheng/vod/"},
"久久影院":{"url":"http://l.bhtv.org.cn/mv/api.php/Chengcheng/vod/"},
"乐酷TV":{"url":"http://150.138.78.177:2021/api.php/Chengcheng/vod/"},
"懒猫TV":{"url":"http://www.esellauto.com/api.php/lh/vod/"},
"双子星":{"url":"http://tv.diyoui.cc/api.php/iptv/vod/"},
"白熊影院":{"url":"http://qt.yhzy.xyz/api.php/iptv/vod/"},
"杨桃影视":{"url":"https://ytys3456.com/mogai_api.php/v1.vod"},
"雪梨视频":{"url":"https://zsb2233.com/mogai_api.php/v1.vod"},
"鸭奈飞":{"url":"https://netflix.mom/api.php/app/"},
"小易影视1":{"url":"https://xy.irop.cn/api.php/app/"},
"心鸾影视":{"url":"http://xinluan.520say.cn/xgapp.php/v1/"},

"污妖动漫":{"url":"https://www.wyydm.com/api.php/app/"},
"嗷呜动漫":{"url":"http://app.aowufuns.com:1031/api.php/app/"},
"菜鸟动漫":{"url":"http://taikong.huangguay.com/mogai_api.php/v1.vod"},
"番茄动漫":{"url":"http://dm.69ty.cc/mogai_api.php/v1.vod"},
"樱花动漫":{"url":"https://www.dmwu.cc/api.php/v1.vod"},
"小白动漫":{"url":"http://121.62.60.222:20222/mogai_api.php/v1.vod"},
"七零动漫":{"url":"https://cf.70yu.cn/mogai_api.php/v1.vod"},
"蜗牛动漫":{"url":"http://woniudm.woniu.cyou:20000/mogai_api.php/v1.vod"},
"熊猫动漫":{"url":"http://dongman.k8aa.com/mogai_api.php/v1.vod"},
"小鸟动漫":{"url":"http://xydm.baicai.buzz/mogai_api.php/v1.vod"},
"皮皮动漫":{"url":"http://dm.muying.me/mogai_api.php/v1.vod"}

},
"jx":[]
}
