{
  "url": "https://auete.com",
  "host": "auete.com",
  "class": [{"type_id":"1","type_name":"电影"},{"type_id":"2","type_name":"连续剧"},{"type_id":"3","type_name":"综艺"},{"type_id":"4","type_name":"动漫"}],
  "filter": {"1":[{"key":"year","name":"年份","value":[{"n":"全部","v":""},{"n":"2021","v":"2021"},{"n":"2020","v":"2020"},{"n":"2019","v":"2019"},{"n":"2018","v":"2018"},{"n":"2017","v":"2017"},{"n":"2016","v":"2016"},{"n":"2015","v":"2015"},{"n":"2014","v":"2014"},{"n":"2013","v":"2013"},{"n":"2012","v":"2012"},{"n":"2011","v":"2011"},{"n":"2010","v":"2010"},{"n":"2009","v":"2009"},{"n":"2008","v":"2008"},{"n":"2007","v":"2007"},{"n":"2006","v":"2006"},{"n":"2005","v":"2005"},{"n":"2004","v":"2004"},{"n":"2003","v":"2003"},{"n":"2002","v":"2002"},{"n":"2001","v":"2001"},{"n":"2000","v":"2000"},{"n":"more","v":"more"}]},{"key":"jq","name":"类型","value":[{"n":"全部","v":""},{"n":"Netflix","v":"Netflix"},{"n":"惊悚","v":"惊悚"},{"n":"悬疑","v":"悬疑"},{"n":"Top250","v":"Top250"},{"n":"奇幻","v":"奇幻"},{"n":"漫改","v":"漫改"},{"n":"灾难","v":"灾难"},{"n":"犯罪","v":"犯罪"},{"n":"文艺","v":"文艺"},{"n":"西部","v":"西部"},{"n":"丧尸","v":"丧尸"},{"n":"传记","v":"传记"},{"n":"经典","v":"经典"},{"n":"历史","v":"历史"},{"n":"音乐","v":"音乐"},{"n":"穿越","v":"穿越"},{"n":"武侠","v":"武侠"},{"n":"歌舞","v":"歌舞"},{"n":"古装","v":"古装"},{"n":"名著","v":"名著"},{"n":"同性","v":"同性"},{"n":"运动","v":"运动"},{"n":"邵氏","v":"邵氏"},{"n":"战争","v":"战争"},{"n":"短片","v":"短片"},{"n":"儿童","v":"儿童"},{"n":"恐怖","v":"恐怖"},{"n":"二次元","v":"二次元"},{"n":"商战","v":"商战"}]},{"key":"area","name":"地区","value":[{"n":"全部","v":""},{"n":"大陆","v":"大陆"},{"n":"香港","v":"香港"},{"n":"台湾","v":"台湾"},{"n":"日本","v":"日本"},{"n":"韩国","v":"韩国"},{"n":"美国","v":"美国"},{"n":"泰国","v":"泰国"},{"n":"新加坡","v":"新加坡"},{"n":"马来西亚","v":"马来西亚"},{"n":"西班牙","v":"西班牙"},{"n":"其他","v":"其他"}]}],"2":[{"key":"year","name":"年份","value":[{"n":"全部","v":""},{"n":"2021","v":"2021"},{"n":"2020","v":"2020"},{"n":"2019","v":"2019"},{"n":"2018","v":"2018"},{"n":"2017","v":"2017"},{"n":"2016","v":"2016"},{"n":"2015","v":"2015"},{"n":"2014","v":"2014"},{"n":"2013","v":"2013"},{"n":"2012","v":"2012"},{"n":"2011","v":"2011"},{"n":"2010","v":"2010"},{"n":"2009","v":"2009"},{"n":"2008","v":"2008"},{"n":"2007","v":"2007"},{"n":"2006","v":"2006"},{"n":"2005","v":"2005"},{"n":"2004","v":"2004"},{"n":"2003","v":"2003"},{"n":"2002","v":"2002"},{"n":"2001","v":"2001"},{"n":"2000","v":"2000"},{"n":"more","v":"more"}]},{"key":"jq","name":"类型","value":[{"n":"全部","v":""},{"n":"Netflix","v":"Netflix"},{"n":"惊悚","v":"惊悚"},{"n":"悬疑","v":"悬疑"},{"n":"Top250","v":"Top250"},{"n":"奇幻","v":"奇幻"},{"n":"漫改","v":"漫改"},{"n":"灾难","v":"灾难"},{"n":"犯罪","v":"犯罪"},{"n":"文艺","v":"文艺"},{"n":"西部","v":"西部"},{"n":"丧尸","v":"丧尸"},{"n":"传记","v":"传记"},{"n":"经典","v":"经典"},{"n":"历史","v":"历史"},{"n":"音乐","v":"音乐"},{"n":"穿越","v":"穿越"},{"n":"武侠","v":"武侠"},{"n":"歌舞","v":"歌舞"},{"n":"古装","v":"古装"},{"n":"名著","v":"名著"},{"n":"同性","v":"同性"},{"n":"运动","v":"运动"},{"n":"邵氏","v":"邵氏"},{"n":"战争","v":"战争"},{"n":"短片","v":"短片"},{"n":"儿童","v":"儿童"},{"n":"恐怖","v":"恐怖"},{"n":"二次元","v":"二次元"},{"n":"商战","v":"商战"}]},{"key":"area","name":"地区","value":[{"n":"全部","v":""},{"n":"大陆","v":"大陆"},{"n":"香港","v":"香港"},{"n":"台湾","v":"台湾"},{"n":"日本","v":"日本"},{"n":"韩国","v":"韩国"},{"n":"美国","v":"美国"},{"n":"泰国","v":"泰国"},{"n":"新加坡","v":"新加坡"},{"n":"马来西亚","v":"马来西亚"},{"n":"西班牙","v":"西班牙"},{"n":"其他","v":"其他"}]}],"3":[{"key":"year","name":"年份","value":[{"n":"全部","v":""},{"n":"2021","v":"2021"},{"n":"2020","v":"2020"},{"n":"2019","v":"2019"},{"n":"2018","v":"2018"},{"n":"2017","v":"2017"},{"n":"2016","v":"2016"},{"n":"2015","v":"2015"},{"n":"2014","v":"2014"},{"n":"2013","v":"2013"},{"n":"2012","v":"2012"},{"n":"2011","v":"2011"},{"n":"2010","v":"2010"},{"n":"2009","v":"2009"},{"n":"2008","v":"2008"},{"n":"2007","v":"2007"},{"n":"2006","v":"2006"},{"n":"2005","v":"2005"},{"n":"2004","v":"2004"},{"n":"2003","v":"2003"},{"n":"2002","v":"2002"},{"n":"2001","v":"2001"},{"n":"2000","v":"2000"},{"n":"more","v":"more"}]},{"key":"jq","name":"类型","value":[{"n":"全部","v":""},{"n":"Netflix","v":"Netflix"},{"n":"惊悚","v":"惊悚"},{"n":"悬疑","v":"悬疑"},{"n":"Top250","v":"Top250"},{"n":"奇幻","v":"奇幻"},{"n":"漫改","v":"漫改"},{"n":"灾难","v":"灾难"},{"n":"犯罪","v":"犯罪"},{"n":"文艺","v":"文艺"},{"n":"西部","v":"西部"},{"n":"丧尸","v":"丧尸"},{"n":"传记","v":"传记"},{"n":"经典","v":"经典"},{"n":"历史","v":"历史"},{"n":"音乐","v":"音乐"},{"n":"穿越","v":"穿越"},{"n":"武侠","v":"武侠"},{"n":"歌舞","v":"歌舞"},{"n":"古装","v":"古装"},{"n":"名著","v":"名著"},{"n":"同性","v":"同性"},{"n":"运动","v":"运动"},{"n":"邵氏","v":"邵氏"},{"n":"战争","v":"战争"},{"n":"短片","v":"短片"},{"n":"儿童","v":"儿童"},{"n":"恐怖","v":"恐怖"},{"n":"二次元","v":"二次元"},{"n":"商战","v":"商战"}]},{"key":"area","name":"地区","value":[{"n":"全部","v":""},{"n":"大陆","v":"大陆"},{"n":"香港","v":"香港"},{"n":"台湾","v":"台湾"},{"n":"日本","v":"日本"},{"n":"韩国","v":"韩国"},{"n":"美国","v":"美国"},{"n":"泰国","v":"泰国"},{"n":"新加坡","v":"新加坡"},{"n":"马来西亚","v":"马来西亚"},{"n":"西班牙","v":"西班牙"},{"n":"其他","v":"其他"}]}],"4":[{"key":"year","name":"年份","value":[{"n":"全部","v":""},{"n":"2021","v":"2021"},{"n":"2020","v":"2020"},{"n":"2019","v":"2019"},{"n":"2018","v":"2018"},{"n":"2017","v":"2017"},{"n":"2016","v":"2016"},{"n":"2015","v":"2015"},{"n":"2014","v":"2014"},{"n":"2013","v":"2013"},{"n":"2012","v":"2012"},{"n":"2011","v":"2011"},{"n":"2010","v":"2010"},{"n":"2009","v":"2009"},{"n":"2008","v":"2008"},{"n":"2007","v":"2007"},{"n":"2006","v":"2006"},{"n":"2005","v":"2005"},{"n":"2004","v":"2004"},{"n":"2003","v":"2003"},{"n":"2002","v":"2002"},{"n":"2001","v":"2001"},{"n":"2000","v":"2000"},{"n":"more","v":"more"}]},{"key":"jq","name":"类型","value":[{"n":"全部","v":""},{"n":"Netflix","v":"Netflix"},{"n":"惊悚","v":"惊悚"},{"n":"悬疑","v":"悬疑"},{"n":"Top250","v":"Top250"},{"n":"奇幻","v":"奇幻"},{"n":"漫改","v":"漫改"},{"n":"灾难","v":"灾难"},{"n":"犯罪","v":"犯罪"},{"n":"文艺","v":"文艺"},{"n":"西部","v":"西部"},{"n":"丧尸","v":"丧尸"},{"n":"传记","v":"传记"},{"n":"经典","v":"经典"},{"n":"历史","v":"历史"},{"n":"音乐","v":"音乐"},{"n":"穿越","v":"穿越"},{"n":"武侠","v":"武侠"},{"n":"歌舞","v":"歌舞"},{"n":"古装","v":"古装"},{"n":"名著","v":"名著"},{"n":"同性","v":"同性"},{"n":"运动","v":"运动"},{"n":"邵氏","v":"邵氏"},{"n":"战争","v":"战争"},{"n":"短片","v":"短片"},{"n":"儿童","v":"儿童"},{"n":"恐怖","v":"恐怖"},{"n":"二次元","v":"二次元"},{"n":"商战","v":"商战"}]},{"key":"area","name":"地区","value":[{"n":"全部","v":""},{"n":"大陆","v":"大陆"},{"n":"香港","v":"香港"},{"n":"台湾","v":"台湾"},{"n":"日本","v":"日本"},{"n":"韩国","v":"韩国"},{"n":"美国","v":"美国"},{"n":"泰国","v":"泰国"},{"n":"新加坡","v":"新加坡"},{"n":"马来西亚","v":"马来西亚"},{"n":"西班牙","v":"西班牙"},{"n":"其他","v":"其他"}]}]}
}
