{
  "url": "https://cokemv.me",
  "host": "cokemv.me",
  "regexCategory": "/vodtype/(\\d+).html",
  "regexVid": "/voddetail/(\\d+).html",
  "regexPlay": "/vodplay/(\\d+)-(\\d+)-(\\d+).html",
  "regexPage": "/vodshow/(\\S+).html",
  "urlCategory": "/vodshow/|.html",
  "urlDetail": "/voddetail/|.html",
  "urlPlay": "/vodplay/|.html",
  "urlSearch": "/vsearch/-------------.html?wd=|&submit=",
  "player": {
    "app": { "sh": "APP", "pu": "", "sn": 0, "or": 999 },
    "cokeqie01": { "sh": "極速路線", "pu": "", "sn": 0, "or": 999 },
    "xin": { "sh": "高速路線", "pu": "", "sn": 0, "or": 999 },
    "90mm": { "sh": "藍光號路", "pu": "", "sn": 0, "or": 999 },
    "age01": { "sh": "動漫一線", "pu": "", "sn": 0, "or": 999 },
    "age02": { "sh": "動漫二線", "pu": "", "sn": 0, "or": 999 },
    "mahua": { "sh": "采集路線", "pu": "", "sn": 0, "or": 999 },
    "toutiao": { "sh": "蓝光不卡", "pu": "", "sn": 0, "or": 999 }
  },
  "filter": {
    "5": [
      {
        "key": 3,
        "name": "剧情",
        "value": [
          { "n": "全部", "v": "" },
          { "n": "喜剧", "v": "喜劇" },
          { "n": "爱情", "v": "愛情" },
          { "n": "恐怖", "v": "恐怖" },
          { "n": "动作", "v": "動作" },
          { "n": "科幻", "v": "科幻" },
          { "n": "剧情", "v": "劇情" },
          { "n": "战争", "v": "戰爭" },
          { "n": "犯罪", "v": "犯罪" },
          { "n": "动画", "v": "動畫" },
          { "n": "奇幻", "v": "奇幻" },
          { "n": "悬疑", "v": "懸疑" },
          { "n": "微电影", "v": "微電影" }
        ]
      },
      {
        "key": 11,
        "name": "年份",
        "value": [
          { "n": "全部", "v": "" },
          { "n": "2021", "v": "2021" },
          { "n": "2020", "v": "2020" },
          { "n": "2019", "v": "2019" },
          { "n": "2018", "v": "2018" },
          { "n": "2017", "v": "2017" },
          { "n": "2016", "v": "2016" },
          { "n": "2015", "v": "2015" },
          { "n": "2014", "v": "2014" },
          { "n": "2013", "v": "2013" },
          { "n": "2012", "v": "2012" },
          { "n": "2011", "v": "2011" },
          { "n": "2010", "v": "2010" }
        ]
      },
      {
        "key": 4,
        "name": "语言",
        "value": [
          { "n": "全部", "v": "" },
          { "n": "国语", "v": "國語" },
          { "n": "英语", "v": "英語" },
          { "n": "粤语", "v": "粵語" },
          { "n": "闽南语", "v": "閩南語" },
          { "n": "韩语", "v": "韓語" },
          { "n": "日语", "v": "日語" },
          { "n": "法语", "v": "法語" },
          { "n": "德语", "v": "德語" },
          { "n": "其它", "v": "其它" }
        ]
      },
      {
        "key": 5,
        "name": "字母",
        "value": [
          { "n": "全部", "v": "" },
          { "n": "A", "v": "A" },
          { "n": "B", "v": "B" },
          { "n": "C", "v": "C" },
          { "n": "D", "v": "D" },
          { "n": "E", "v": "E" },
          { "n": "F", "v": "F" },
          { "n": "G", "v": "G" },
          { "n": "H", "v": "H" },
          { "n": "I", "v": "I" },
          { "n": "J", "v": "J" },
          { "n": "K", "v": "K" },
          { "n": "L", "v": "L" },
          { "n": "M", "v": "M" },
          { "n": "N", "v": "N" },
          { "n": "O", "v": "O" },
          { "n": "P", "v": "P" },
          { "n": "Q", "v": "Q" },
          { "n": "R", "v": "R" },
          { "n": "S", "v": "S" },
          { "n": "T", "v": "T" },
          { "n": "U", "v": "U" },
          { "n": "V", "v": "V" },
          { "n": "W", "v": "W" },
          { "n": "X", "v": "X" },
          { "n": "Y", "v": "Y" },
          { "n": "Z", "v": "Z" },
          { "n": "0-9", "v": "0-9" }
        ]
      },
      {
        "key": 2,
        "name": "排序",
        "value": [
          { "n": "时间", "v": "time" },
          { "n": "人气", "v": "hits" },
          { "n": "评分", "v": "score" }
        ]
      }
    ],
    "2": [
      {
        "key": 0,
        "name": "类型",
        "value": [
          { "n": "全部", "v": "2" },
          { "n": "大陆剧", "v": "13" },
          { "n": "香港剧", "v": "14" },
          { "n": "韩国剧", "v": "15" },
          { "n": "欧美剧", "v": "16" },
          { "n": "日本剧", "v": "20" },
          { "n": "台湾剧", "v": "21" },
          { "n": "泰国剧", "v": "22" }
        ]
      },
      {
        "key": 1,
        "name": "地区",
        "value": [
          { "n": "全部", "v": "" },
          { "n": "中国大陆", "v": "中国大陆" },
          { "n": "韩国", "v": "韩国" },
          { "n": "中国香港", "v": "中国香港" },
          { "n": "中国台湾", "v": "中国台湾" },
          { "n": "日本", "v": "日本" },
          { "n": "美国", "v": "美国" },
          { "n": "泰国", "v": "泰国" },
          { "n": "英国", "v": "英国" },
          { "n": "新加坡", "v": "新加坡" },
          { "n": "其他", "v": "其他" }
        ]
      },
      {
        "key": 11,
        "name": "年份",
        "value": [
          { "n": "全部", "v": "" },
          { "n": "2021", "v": "2021" },
          { "n": "2020", "v": "2020" },
          { "n": "2019", "v": "2019" },
          { "n": "2018", "v": "2018" },
          { "n": "2017", "v": "2017" },
          { "n": "2016", "v": "2016" },
          { "n": "2015", "v": "2015" },
          { "n": "2014", "v": "2014" },
          { "n": "2013", "v": "2013" },
          { "n": "2012", "v": "2012" },
          { "n": "2011", "v": "2011" },
          { "n": "2010", "v": "2010" },
          { "n": "2009", "v": "2009" },
          { "n": "2008", "v": "2008" },
          { "n": "2007", "v": "2007" },
          { "n": "2006", "v": "2006" },
          { "n": "2005", "v": "2005" },
          { "n": "2004", "v": "2004" }
        ]
      },
      {
        "key": 4,
        "name": "语言",
        "value": [
          { "n": "全部", "v": "" },
          { "n": "国语", "v": "国语" },
          { "n": "英语", "v": "英语" },
          { "n": "粤语", "v": "粤语" },
          { "n": "闽南语", "v": "闽南语" },
          { "n": "韩语", "v": "韩语" },
          { "n": "日语", "v": "日语" },
          { "n": "其它", "v": "其它" }
        ]
      },
      {
        "key": 5,
        "name": "字母",
        "value": [
          { "n": "全部", "v": "" },
          { "n": "A", "v": "A" },
          { "n": "B", "v": "B" },
          { "n": "C", "v": "C" },
          { "n": "D", "v": "D" },
          { "n": "E", "v": "E" },
          { "n": "F", "v": "F" },
          { "n": "G", "v": "G" },
          { "n": "H", "v": "H" },
          { "n": "I", "v": "I" },
          { "n": "J", "v": "J" },
          { "n": "K", "v": "K" },
          { "n": "L", "v": "L" },
          { "n": "M", "v": "M" },
          { "n": "N", "v": "N" },
          { "n": "O", "v": "O" },
          { "n": "P", "v": "P" },
          { "n": "Q", "v": "Q" },
          { "n": "R", "v": "R" },
          { "n": "S", "v": "S" },
          { "n": "T", "v": "T" },
          { "n": "U", "v": "U" },
          { "n": "V", "v": "V" },
          { "n": "W", "v": "W" },
          { "n": "X", "v": "X" },
          { "n": "Y", "v": "Y" },
          { "n": "Z", "v": "Z" },
          { "n": "0-9", "v": "0-9" }
        ]
      },
      {
        "key": 2,
        "name": "排序",
        "value": [
          { "n": "时间", "v": "time" },
          { "n": "人气", "v": "hits" },
          { "n": "评分", "v": "score" }
        ]
      }
    ],
    "1": [
      {
        "key": 0,
        "name": "分类",
        "value": [
          { "n": "全部", "v": "1" },
          { "n": "动作片", "v": "6" },
          { "n": "喜剧片", "v": "7" },
          { "n": "爱情片", "v": "8" },
          { "n": "科幻片", "v": "9" },
          { "n": "恐怖片", "v": "10" },
          { "n": "剧情片", "v": "11" },
          { "n": "战争片", "v": "12" },
          { "n": "犯罪片", "v": "23" },
          { "n": "奇幻片", "v": "24" },
          { "n": "悬疑片", "v": "25" },
          { "n": "记录片", "v": "27" }
        ]
      },
      {
        "key": 1,
        "name": "地区",
        "value": [
          { "n": "全部", "v": "" },
          { "n": "中国大陆", "v": "中国大陆" },
          { "n": "中国香港", "v": "中国香港" },
          { "n": "中国台湾", "v": "中国台湾" },
          { "n": "美国", "v": "美国" },
          { "n": "法国", "v": "法国" },
          { "n": "英国", "v": "英国" },
          { "n": "日本", "v": "日本" },
          { "n": "韩国", "v": "韩国" },
          { "n": "德国", "v": "德国" },
          { "n": "泰国", "v": "泰国" },
          { "n": "印度", "v": "印度" },
          { "n": "意大利", "v": "意大利" },
          { "n": "西班牙", "v": "西班牙" },
          { "n": "加拿大", "v": "加拿大" },
          { "n": "其他", "v": "其他" }
        ]
      },
      {
        "key": 11,
        "name": "年份",
        "value": [
          { "n": "全部", "v": "" },
          { "n": "2021", "v": "2021" },
          { "n": "2020", "v": "2020" },
          { "n": "2019", "v": "2019" },
          { "n": "2018", "v": "2018" },
          { "n": "2017", "v": "2017" },
          { "n": "2016", "v": "2016" },
          { "n": "2015", "v": "2015" },
          { "n": "2014", "v": "2014" },
          { "n": "2013", "v": "2013" },
          { "n": "2012", "v": "2012" },
          { "n": "2011", "v": "2011" },
          { "n": "2010", "v": "2010" }
        ]
      },
      {
        "key": 4,
        "name": "语言",
        "value": [
          { "n": "全部", "v": "" },
          { "n": "国语", "v": "国语" },
          { "n": "英语", "v": "英语" },
          { "n": "粤语", "v": "粤语" },
          { "n": "闽南语", "v": "闽南语" },
          { "n": "韩语", "v": "韩语" },
          { "n": "日语", "v": "日语" },
          { "n": "法语", "v": "法语" },
          { "n": "德语", "v": "德语" },
          { "n": "其它", "v": "其它" }
        ]
      },
      {
        "key": 5,
        "name": "字母",
        "value": [
          { "n": "全部", "v": "" },
          { "n": "A", "v": "A" },
          { "n": "B", "v": "B" },
          { "n": "C", "v": "C" },
          { "n": "D", "v": "D" },
          { "n": "E", "v": "E" },
          { "n": "F", "v": "F" },
          { "n": "G", "v": "G" },
          { "n": "H", "v": "H" },
          { "n": "I", "v": "I" },
          { "n": "J", "v": "J" },
          { "n": "K", "v": "K" },
          { "n": "L", "v": "L" },
          { "n": "M", "v": "M" },
          { "n": "N", "v": "N" },
          { "n": "O", "v": "O" },
          { "n": "P", "v": "P" },
          { "n": "Q", "v": "Q" },
          { "n": "R", "v": "R" },
          { "n": "S", "v": "S" },
          { "n": "T", "v": "T" },
          { "n": "U", "v": "U" },
          { "n": "V", "v": "V" },
          { "n": "W", "v": "W" },
          { "n": "X", "v": "X" },
          { "n": "Y", "v": "Y" },
          { "n": "Z", "v": "Z" },
          { "n": "0-9", "v": "0-9" }
        ]
      },
      {
        "key": 2,
        "name": "排序",
        "value": [
          { "n": "时间", "v": "time" },
          { "n": "人气", "v": "hits" },
          { "n": "评分", "v": "score" }
        ]
      }
    ],
    "4": [
      {
        "key": 0,
        "name": "分类",
        "value": [
          { "n": "全部", "v": "4" },
          { "n": "动画电影", "v": "41" }
        ]
      },
      {
        "key": 3,
        "name": "剧情",
        "value": [
          { "n": "全部", "v": "" },
          { "n": "情感", "v": "情感" },
          { "n": "科幻", "v": "科幻" },
          { "n": "热血", "v": "热血" },
          { "n": "推理", "v": "推理" },
          { "n": "搞笑", "v": "搞笑" },
          { "n": "冒险", "v": "冒险" },
          { "n": "萝莉", "v": "萝莉" },
          { "n": "校园", "v": "校园" },
          { "n": "动作", "v": "动作" },
          { "n": "机战", "v": "机战" },
          { "n": "运动", "v": "运动" },
          { "n": "战争", "v": "战争" },
          { "n": "少年", "v": "少年" },
          { "n": "少女", "v": "少女" },
          { "n": "社会", "v": "社会" },
          { "n": "原创", "v": "原创" },
          { "n": "亲子", "v": "亲子" },
          { "n": "益智", "v": "益智" },
          { "n": "励志", "v": "励志" },
          { "n": "其他", "v": "其他" }
        ]
      },
      {
        "key": 1,
        "name": "地区",
        "value": [
          { "n": "全部", "v": "" },
          { "n": "大陆", "v": "大陆" },
          { "n": "韩国", "v": "韩国" },
          { "n": "中国香港", "v": "中国香港" },
          { "n": "中国台湾", "v": "中国台湾" },
          { "n": "日本", "v": "日本" },
          { "n": "美国", "v": "美国" },
          { "n": "泰国", "v": "泰国" },
          { "n": "英国", "v": "英国" },
          { "n": "新加坡", "v": "新加坡" },
          { "n": "其他", "v": "其他" }
        ]
      },
      {
        "key": 11,
        "name": "年份",
        "value": [
          { "n": "全部", "v": "" },
          { "n": "2021", "v": "2021" },
          { "n": "2020", "v": "2020" },
          { "n": "2019", "v": "2019" },
          { "n": "2018", "v": "2018" },
          { "n": "2017", "v": "2017" },
          { "n": "2016", "v": "2016" },
          { "n": "2015", "v": "2015" },
          { "n": "2014", "v": "2014" },
          { "n": "2013", "v": "2013" },
          { "n": "2012", "v": "2012" },
          { "n": "2011", "v": "2011" },
          { "n": "2010", "v": "2010" }
        ]
      },
      {
        "key": 4,
        "name": "语言",
        "value": [
          { "n": "全部", "v": "" },
          { "n": "国语", "v": "国语" },
          { "n": "英语", "v": "英语" },
          { "n": "粤语", "v": "粤语" },
          { "n": "闽南语", "v": "闽南语" },
          { "n": "韩语", "v": "韩语" },
          { "n": "日语", "v": "日语" },
          { "n": "其它", "v": "其它" }
        ]
      },
      {
        "key": 5,
        "name": "字母",
        "value": [
          { "n": "全部", "v": "" },
          { "n": "A", "v": "A" },
          { "n": "B", "v": "B" },
          { "n": "C", "v": "C" },
          { "n": "D", "v": "D" },
          { "n": "E", "v": "E" },
          { "n": "F", "v": "F" },
          { "n": "G", "v": "G" },
          { "n": "H", "v": "H" },
          { "n": "I", "v": "I" },
          { "n": "J", "v": "J" },
          { "n": "K", "v": "K" },
          { "n": "L", "v": "L" },
          { "n": "M", "v": "M" },
          { "n": "N", "v": "N" },
          { "n": "O", "v": "O" },
          { "n": "P", "v": "P" },
          { "n": "Q", "v": "Q" },
          { "n": "R", "v": "R" },
          { "n": "S", "v": "S" },
          { "n": "T", "v": "T" },
          { "n": "U", "v": "U" },
          { "n": "V", "v": "V" },
          { "n": "W", "v": "W" },
          { "n": "X", "v": "X" },
          { "n": "Y", "v": "Y" },
          { "n": "Z", "v": "Z" },
          { "n": "0-9", "v": "0-9" }
        ]
      },
      {
        "key": 2,
        "name": "排序",
        "value": [
          { "n": "时间", "v": "time" },
          { "n": "人气", "v": "hits" },
          { "n": "评分", "v": "score" }
        ]
      }
    ],
    "3": [
      {
        "key": 1,
        "name": "地区",
        "value": [
          { "n": "全部", "v": "" },
          { "n": "中国大陆", "v": "中国大陆" },
          { "n": "韩国", "v": "韩国" }
        ]
      },
      {
        "key": 11,
        "name": "年份",
        "value": [
          { "n": "全部", "v": "" },
          { "n": "2021", "v": "2021" },
          { "n": "2020", "v": "2020" },
          { "n": "2019", "v": "2019" },
          { "n": "2018", "v": "2018" },
          { "n": "2017", "v": "2017" },
          { "n": "2016", "v": "2016" },
          { "n": "2015", "v": "2015" },
          { "n": "2014", "v": "2014" },
          { "n": "2013", "v": "2013" },
          { "n": "2012", "v": "2012" },
          { "n": "2011", "v": "2011" },
          { "n": "2010", "v": "2010" },
          { "n": "2009", "v": "2009" },
          { "n": "2008", "v": "2008" },
          { "n": "2007", "v": "2007" },
          { "n": "2006", "v": "2006" },
          { "n": "2005", "v": "2005" },
          { "n": "2004", "v": "2004" }
        ]
      },
      {
        "key": 4,
        "name": "语言",
        "value": [
          { "n": "全部", "v": "" },
          { "n": "国语", "v": "国语" },
          { "n": "英语", "v": "英语" },
          { "n": "粤语", "v": "粤语" },
          { "n": "闽南语", "v": "闽南语" },
          { "n": "韩语", "v": "韩语" },
          { "n": "日语", "v": "日语" },
          { "n": "其它", "v": "其它" }
        ]
      },
      {
        "key": 5,
        "name": "字母",
        "value": [
          { "n": "全部", "v": "" },
          { "n": "A", "v": "A" },
          { "n": "B", "v": "B" },
          { "n": "C", "v": "C" },
          { "n": "D", "v": "D" },
          { "n": "E", "v": "E" },
          { "n": "F", "v": "F" },
          { "n": "G", "v": "G" },
          { "n": "H", "v": "H" },
          { "n": "I", "v": "I" },
          { "n": "J", "v": "J" },
          { "n": "K", "v": "K" },
          { "n": "L", "v": "L" },
          { "n": "M", "v": "M" },
          { "n": "N", "v": "N" },
          { "n": "O", "v": "O" },
          { "n": "P", "v": "P" },
          { "n": "Q", "v": "Q" },
          { "n": "R", "v": "R" },
          { "n": "S", "v": "S" },
          { "n": "T", "v": "T" },
          { "n": "U", "v": "U" },
          { "n": "V", "v": "V" },
          { "n": "W", "v": "W" },
          { "n": "X", "v": "X" },
          { "n": "Y", "v": "Y" },
          { "n": "Z", "v": "Z" },
          { "n": "0-9", "v": "0-9" }
        ]
      },
      {
        "key": 2,
        "name": "排序",
        "value": [
          { "n": "时间", "v": "time" },
          { "n": "人气", "v": "hits" },
          { "n": "评分", "v": "score" }
        ]
      }
    ]
  }
}
