{
  "ua": "",
  "homeUrl": "https://www.subaibai.com",
  "cateManual": {
    "国产剧": "guochanju",
    "港台剧": "gangju",
    "欧美剧": "oumeiju",
    "韩剧": "hanju",
    "日剧": "riju",
    "泰剧": "taiju",
    "动漫剧": "dongmanju",
    "国产电影": "guochandy",
    "港台电影": "gangtaidy",
    "日韩电影": "rihandy",
    "欧美电影": "oumeidy",
    "印度电影": "yindudy",
    "泰国电影": "thaidy",
    "动漫电影": "dongmandy",
    "纪录片": "documentary",
    "综艺": "zongyi",
    "香港经典": "xianggangdy"
  },
  "homeVodNode": "//div[contains(@class,'leibox')]/ul/li",
  "homeVodName": "/h3[@class='dytit']/a/text()",
  "homeVodId": "/h3[@class='dytit']/a/@href",
  "homeVodIdR": "/movie/(\\w+).html",
  "homeVodImg": "/a/img/@data-original",
  "homeVodMark": "/a/div[@class='jidi']/span/text()",
  "cateUrl": "https://www.subaibai.com/movie_bt_series/{cateId}/page/{catePg}",
  "cateVodNode": "//div[contains(@class,'mrb')]/ul/li",
  "cateVodName": "/h3[@class='dytit']/a/text()",
  "cateVodId": "/h3[@class='dytit']/a/@href",
  "cateVodIdR": "/movie/(\\w+).html",
  "cateVodImg": "/a/img/@data-original",
  "cateVodMark": "/a/div[@class='jidi']/span/text()",
  "dtUrl": "https://www.subaibai.com/movie/{vid}.html",
  "dtNode": "//div[@class='dyxingq']",
  "dtName": "//div[@class='moviedteail_tt']/h1/text()",
  "dtImg": "//div[contains(@class,'dyimg')]/img/@src",
  "dtCate": "//ul[@class='moviedteail_list']/li[contains(text(),'类型')]/a/text()",
  "dtYear": "//ul[@class='moviedteail_list']/li[contains(text(),'年份')]/a/text()",
  "dtArea": "//ul[@class='moviedteail_list']/li[contains(text(),'地区')]/a/text()",
  "dtActor": "//ul[@class='moviedteail_list']/li[contains(text(),'主演')]/a/text()",
  "dtDirector": "//ul[@class='moviedteail_list']/li[contains(text(),'导演')]/a/text()",
  "dtDesc": "//li[contains(text(),'豆瓣')]/a/text()",
  "dtFromNode": "//div[contains(@class,'mi_paly_box')]//div[@class='ypxingq_t']",
  "dtFromName": "/text()",
  "dtUrlNode": "//div[contains(@class,'mi_paly_box')]//div[@class='paly_list_btn']",
  "dtUrlSubNode": "/a",
  "dtUrlId": "@href",
  "dtUrlIdR": "/v_play/(\\S+).html",
  "dtUrlName": "/text()",
  "playUrl": "https://www.subaibai.com/v_play/{playUrl}.html",
  "searchUrl": "https://www.subaibai.com/?s={wd}",
  "scVodNode": "//div[contains(@class,'search_list')]/ul/li",
  "scVodName": "/h3[@class='dytit']/a/text()",
  "scVodId": "/h3[@class='dytit']/a/@href",
  "scVodIdR": "/movie/(\\w+).html",
  "scVodImg": "/a/img/@data-original",
  "scVodMark": "/a/div[@class='jidi']/span/text()"
}
